INSERT INTO `menu_category` (`menucategory_id`, `section`, `name`, `sortnum`, `headertype`, `headercode`, `accesstype`, `hide`) VALUES ('17', '0', 'Main Menu', '1', 'customcode', 'MAIN MENU', '0', '0');
INSERT INTO `menu_category` (`menucategory_id`, `section`, `name`, `sortnum`, `headertype`, `headercode`, `accesstype`, `hide`) VALUES ('29', '0', 'Top Players', '2', 'customcode', 'TOP PLAYERS', '0', '0');
INSERT INTO `menu_category` (`menucategory_id`, `section`, `name`, `sortnum`, `headertype`, `headercode`, `accesstype`, `hide`) VALUES ('16', '0', 'Poll', '3', 'customcode', 'POLL', '0', '0');
INSERT INTO `menu_category` (`menucategory_id`, `section`, `name`, `sortnum`, `headertype`, `headercode`, `accesstype`, `hide`) VALUES ('5', '0', 'Forum Activity', '4', 'customcode', 'FORUM ACTIVITY', '0', '0');
INSERT INTO `menu_category` (`menucategory_id`, `section`, `name`, `sortnum`, `headertype`, `headercode`, `accesstype`, `hide`) VALUES ('24', '1', 'Log In', '1', 'customcode', 'LOG IN', '2', '0');
INSERT INTO `menu_category` (`menucategory_id`, `section`, `name`, `sortnum`, `headertype`, `headercode`, `accesstype`, `hide`) VALUES ('25', '1', 'Logged In', '2', 'customcode', 'LOGGED IN', '1', '0');
INSERT INTO `menu_category` (`menucategory_id`, `section`, `name`, `sortnum`, `headertype`, `headercode`, `accesstype`, `hide`) VALUES ('1', '1', 'Shoutbox', '3', 'customcode', 'SHOUTBOX', '0', '0');
INSERT INTO `menu_category` (`menucategory_id`, `section`, `name`, `sortnum`, `headertype`, `headercode`, `accesstype`, `hide`) VALUES ('4', '1', 'Newest Members', '4', 'customcode', 'NEWEST MEMBERS', '0', '0');
INSERT INTO `menu_category` (`menucategory_id`, `section`, `name`, `sortnum`, `headertype`, `headercode`, `accesstype`, `hide`) VALUES ('28', '2', 'Top Menu', '1', 'customcode', '', '0', '0');

INSERT INTO `menu_item` (`menuitem_id`, `menucategory_id`, `name`, `itemtype`, `itemtype_id`, `accesstype`, `hide`, `sortnum`) VALUES ('2', '1', 'Shoutbox', 'shoutbox', '1', '0', '0', '1');
INSERT INTO `menu_item` (`menuitem_id`, `menucategory_id`, `name`, `itemtype`, `itemtype_id`, `accesstype`, `hide`, `sortnum`) VALUES ('4', '4', 'Newest Members', 'newestmembers', '0', '0', '0', '1');
INSERT INTO `menu_item` (`menuitem_id`, `menucategory_id`, `name`, `itemtype`, `itemtype_id`, `accesstype`, `hide`, `sortnum`) VALUES ('5', '5', 'Forum Activity', 'forumactivity', '0', '0', '0', '1');
INSERT INTO `menu_item` (`menuitem_id`, `menucategory_id`, `name`, `itemtype`, `itemtype_id`, `accesstype`, `hide`, `sortnum`) VALUES ('68', '16', 'Poll', 'poll', '1', '0', '0', '1');
INSERT INTO `menu_item` (`menuitem_id`, `menucategory_id`, `name`, `itemtype`, `itemtype_id`, `accesstype`, `hide`, `sortnum`) VALUES ('67', '17', 'Home', 'link', '34', '0', '0', '1');
INSERT INTO `menu_item` (`menuitem_id`, `menucategory_id`, `name`, `itemtype`, `itemtype_id`, `accesstype`, `hide`, `sortnum`) VALUES ('75', '17', 'News', 'link', '36', '0', '0', '2');
INSERT INTO `menu_item` (`menuitem_id`, `menucategory_id`, `name`, `itemtype`, `itemtype_id`, `accesstype`, `hide`, `sortnum`) VALUES ('76', '17', 'Members', 'link', '37', '0', '0', '3');
INSERT INTO `menu_item` (`menuitem_id`, `menucategory_id`, `name`, `itemtype`, `itemtype_id`, `accesstype`, `hide`, `sortnum`) VALUES ('54', '17', 'Ranks', 'link', '30', '0', '0', '4');
INSERT INTO `menu_item` (`menuitem_id`, `menucategory_id`, `name`, `itemtype`, `itemtype_id`, `accesstype`, `hide`, `sortnum`) VALUES ('77', '17', 'Squads', 'link', '38', '0', '0', '5');
INSERT INTO `menu_item` (`menuitem_id`, `menucategory_id`, `name`, `itemtype`, `itemtype_id`, `accesstype`, `hide`, `sortnum`) VALUES ('78', '17', 'Tournaments', 'link', '39', '0', '0', '6');
INSERT INTO `menu_item` (`menuitem_id`, `menucategory_id`, `name`, `itemtype`, `itemtype_id`, `accesstype`, `hide`, `sortnum`) VALUES ('79', '17', 'Events', 'link', '40', '0', '0', '7');
INSERT INTO `menu_item` (`menuitem_id`, `menucategory_id`, `name`, `itemtype`, `itemtype_id`, `accesstype`, `hide`, `sortnum`) VALUES ('55', '17', 'Medals', 'link', '31', '0', '0', '8');
INSERT INTO `menu_item` (`menuitem_id`, `menucategory_id`, `name`, `itemtype`, `itemtype_id`, `accesstype`, `hide`, `sortnum`) VALUES ('56', '17', 'Diplomacy', 'link', '32', '0', '0', '9');
INSERT INTO `menu_item` (`menuitem_id`, `menucategory_id`, `name`, `itemtype`, `itemtype_id`, `accesstype`, `hide`, `sortnum`) VALUES ('57', '17', 'Diplomacy Request', 'link', '33', '0', '0', '10');
INSERT INTO `menu_item` (`menuitem_id`, `menucategory_id`, `name`, `itemtype`, `itemtype_id`, `accesstype`, `hide`, `sortnum`) VALUES ('89', '17', 'History', 'custompage', '10', '0', '0', '11');
INSERT INTO `menu_item` (`menuitem_id`, `menucategory_id`, `name`, `itemtype`, `itemtype_id`, `accesstype`, `hide`, `sortnum`) VALUES ('90', '17', 'Rules', 'custompage', '11', '0', '0', '12');
INSERT INTO `menu_item` (`menuitem_id`, `menucategory_id`, `name`, `itemtype`, `itemtype_id`, `accesstype`, `hide`, `sortnum`) VALUES ('80', '17', 'Forum', 'link', '41', '0', '0', '13');
INSERT INTO `menu_item` (`menuitem_id`, `menucategory_id`, `name`, `itemtype`, `itemtype_id`, `accesstype`, `hide`, `sortnum`) VALUES ('69', '24', 'Log In', 'login', '0', '0', '0', '1');
INSERT INTO `menu_item` (`menuitem_id`, `menucategory_id`, `name`, `itemtype`, `itemtype_id`, `accesstype`, `hide`, `sortnum`) VALUES ('70', '25', 'Logged In', 'login', '0', '0', '0', '1');
INSERT INTO `menu_item` (`menuitem_id`, `menucategory_id`, `name`, `itemtype`, `itemtype_id`, `accesstype`, `hide`, `sortnum`) VALUES ('82', '28', 'News', 'link', '42', '0', '0', '1');
INSERT INTO `menu_item` (`menuitem_id`, `menucategory_id`, `name`, `itemtype`, `itemtype_id`, `accesstype`, `hide`, `sortnum`) VALUES ('83', '28', 'Members', 'link', '43', '0', '0', '2');
INSERT INTO `menu_item` (`menuitem_id`, `menucategory_id`, `name`, `itemtype`, `itemtype_id`, `accesstype`, `hide`, `sortnum`) VALUES ('84', '28', 'Tournaments', 'link', '44', '0', '0', '3');
INSERT INTO `menu_item` (`menuitem_id`, `menucategory_id`, `name`, `itemtype`, `itemtype_id`, `accesstype`, `hide`, `sortnum`) VALUES ('85', '28', 'Squads', 'link', '45', '0', '0', '4');
INSERT INTO `menu_item` (`menuitem_id`, `menucategory_id`, `name`, `itemtype`, `itemtype_id`, `accesstype`, `hide`, `sortnum`) VALUES ('86', '28', 'Events', 'link', '46', '0', '0', '5');
INSERT INTO `menu_item` (`menuitem_id`, `menucategory_id`, `name`, `itemtype`, `itemtype_id`, `accesstype`, `hide`, `sortnum`) VALUES ('87', '28', 'Forum', 'link', '47', '0', '0', '6');
INSERT INTO `menu_item` (`menuitem_id`, `menucategory_id`, `name`, `itemtype`, `itemtype_id`, `accesstype`, `hide`, `sortnum`) VALUES ('81', '29', 'Top Player Links', 'top-players', '0', '0', '0', '1');


INSERT INTO `menuitem_custompage` (`menucustompage_id`, `menuitem_id`, `custompage_id`, `prefix`, `linktarget`, `textalign`) VALUES ('11', '90', '12', '<b>&middot;</b> ', '', 'left');
INSERT INTO `menuitem_custompage` (`menucustompage_id`, `menuitem_id`, `custompage_id`, `prefix`, `linktarget`, `textalign`) VALUES ('10', '89', '11', '<b>&middot;</b> ', '', 'left');


INSERT INTO `menuitem_link` (`menulink_id`, `menuitem_id`, `link`, `linktarget`, `prefix`, `textalign`) VALUES ('30', '54', 'ranks.php', '', '<b>&middot;</b> ', 'left');
INSERT INTO `menuitem_link` (`menulink_id`, `menuitem_id`, `link`, `linktarget`, `prefix`, `textalign`) VALUES ('31', '55', 'medals.php', '', '<b>&middot;</b> ', 'left');
INSERT INTO `menuitem_link` (`menulink_id`, `menuitem_id`, `link`, `linktarget`, `prefix`, `textalign`) VALUES ('32', '56', 'diplomacy', '', '<b>&middot;</b> ', 'left');
INSERT INTO `menuitem_link` (`menulink_id`, `menuitem_id`, `link`, `linktarget`, `prefix`, `textalign`) VALUES ('33', '57', 'diplomacy/request.php', '', '<b>&middot;</b> ', 'left');
INSERT INTO `menuitem_link` (`menulink_id`, `menuitem_id`, `link`, `linktarget`, `prefix`, `textalign`) VALUES ('34', '67', 'index.php', '', '<b>&middot;</b> ', 'left');
INSERT INTO `menuitem_link` (`menulink_id`, `menuitem_id`, `link`, `linktarget`, `prefix`, `textalign`) VALUES ('36', '75', 'news', '', '<b>&middot;</b> ', 'left');
INSERT INTO `menuitem_link` (`menulink_id`, `menuitem_id`, `link`, `linktarget`, `prefix`, `textalign`) VALUES ('37', '76', 'members.php', '', '<b>&middot;</b> ', 'left');
INSERT INTO `menuitem_link` (`menulink_id`, `menuitem_id`, `link`, `linktarget`, `prefix`, `textalign`) VALUES ('38', '77', 'squads', '', '<b>&middot;</b> ', 'left');
INSERT INTO `menuitem_link` (`menulink_id`, `menuitem_id`, `link`, `linktarget`, `prefix`, `textalign`) VALUES ('39', '78', 'tournaments', '', '<b>&middot;</b> ', 'left');
INSERT INTO `menuitem_link` (`menulink_id`, `menuitem_id`, `link`, `linktarget`, `prefix`, `textalign`) VALUES ('40', '79', 'events', '', '<b>&middot;</b> ', 'left');
INSERT INTO `menuitem_link` (`menulink_id`, `menuitem_id`, `link`, `linktarget`, `prefix`, `textalign`) VALUES ('41', '80', 'forum', '', '<b>&middot;</b> ', 'left');
INSERT INTO `menuitem_link` (`menulink_id`, `menuitem_id`, `link`, `linktarget`, `prefix`, `textalign`) VALUES ('42', '82', 'news', '', '', 'left');
INSERT INTO `menuitem_link` (`menulink_id`, `menuitem_id`, `link`, `linktarget`, `prefix`, `textalign`) VALUES ('43', '83', 'members.php', '', '', 'left');
INSERT INTO `menuitem_link` (`menulink_id`, `menuitem_id`, `link`, `linktarget`, `prefix`, `textalign`) VALUES ('44', '84', 'tournaments', '', '', 'left');
INSERT INTO `menuitem_link` (`menulink_id`, `menuitem_id`, `link`, `linktarget`, `prefix`, `textalign`) VALUES ('45', '85', 'squads', '', '', 'left');
INSERT INTO `menuitem_link` (`menulink_id`, `menuitem_id`, `link`, `linktarget`, `prefix`, `textalign`) VALUES ('46', '86', 'events', '', '', 'left');
INSERT INTO `menuitem_link` (`menulink_id`, `menuitem_id`, `link`, `linktarget`, `prefix`, `textalign`) VALUES ('47', '87', 'forum', '', '', 'left');

INSERT INTO `menuitem_shoutbox` (`menushoutbox_id`, `menuitem_id`, `width`, `height`, `percentwidth`, `percentheight`, `textboxwidth`) VALUES ('1', '2', '0', '0', '0', '0', '0');
